<?xml version="1.0" encoding="UTF-8"?>
<beans xmlns="http://www.springframework.org/schema/beans"
  xmlns:util="http://www.springframework.org/schema/util"
  xmlns:sec="http://www.springframework.org/schema/security"
  xmlns:xsi="http://www.w3.org/2001/XMLSchema-instance"
  xsi:schemaLocation="
    http://www.springframework.org/schema/beans http://www.springframework.org/schema/beans/spring-beans-3.0.xsd
    http://www.springframework.org/schema/util http://www.springframework.org/schema/util/spring-util-3.0.xsd
    http://www.springframework.org/schema/security http://www.springframework.org/schema/security/spring-security-3.1.xsd">

  <!-- Authentication manager configuration, specifying the class(es) responsible for performing the authentication. -->
  <sec:authentication-manager alias="authenticationManager" erase-credentials="true">
    <sec:authentication-provider ref="appianAuthenticationProvider"/>
  </sec:authentication-manager>

  <bean id="appianAuthenticationProvider" class="com.appiancorp.suiteapi.security.auth.AuthenticationProviderWrapper">
    <constructor-arg ref="appianAuthenticationProviderInternal"/>
    <constructor-arg ref="scsKeyChangeHandlerNoOp"/>
  </bean>

  <bean id="appianAuthenticationProviderInternal" class="com.appiancorp.security.auth.AppianAuthenticationProvider">
    <constructor-arg ref="appianUserDetailsService"/>
  </bean>

  <bean id="appianUserDetailsService" class="com.appiancorp.suiteapi.security.auth.AppianUserDetailsService"/>
  <bean id="appianUserDetailsServiceForRememberMe" class="com.appiancorp.suiteapi.security.auth.AppianUserDetailsService">
    <constructor-arg value="false"/>
  </bean>

  <bean id="rememberMeConfiguration" class="com.appiancorp.security.auth.rememberme.RememberMeConfiguration">
    <constructor-arg name="enabled" value="true"/>
    <constructor-arg name="tokenValiditySec" value="1209600"/>
  </bean>

  <bean id="rememberMeScsHandler" class="com.appiancorp.security.auth.rememberme.RememberMeScsHandler">
    <constructor-arg ref="rememberMeConfiguration" />
  </bean>

  <bean id="appianRememberMeServices" class="com.appiancorp.security.auth.rememberme.AppianPersistentTokenBasedRememberMeServices">
    <constructor-arg ref="rememberMeConfiguration"/>
    <constructor-arg ref="rememberMeTokenService"/>
    <constructor-arg ref="appianUserDetailsServiceForRememberMe"/>
    <constructor-arg ref="rememberMeTokenRepository"/>
    <constructor-arg ref="rememberMeScsHandler" />
    <constructor-arg ref="portalAuthenticationDetailsSource"/>
    <property name="seriesLength" value="32"/>
    <property name="tokenLength" value="32"/>
  </bean>

  <bean id="beanPostProcessorForAuthMgr" class="com.appiancorp.security.auth.BeanPostProcessorForAuthMgr">
    <property name="authenticationEventPublisher" ref="appianAuthenticationEventPublisher"/>
    <property name="rememberMeConfiguration" ref="rememberMeConfiguration"/>
  </bean>

  <bean id="appianAuthenticationEventPublisher" class="com.appiancorp.security.auth.AppianAuthenticationEventPublisher"/>

</beans>
